{"Empresa":"Red Patito, S.A. de C.V","Propietario":"Mr Pato Macdonald","Domicilio":"Av. Princeton 123,Orlando Florida","Nodos":[{"Ip":"192.168.0.10","Tipo":"servidor","Puertos":5,"Saltos":10,"So":"linux","Vulnerabilidades":[{"Clave":"CVE-2015-1635","Vendedor":"microsoft","Descripcion":"HTTP.sys permite a atacantes remotos ejecutar código arbitrario","Tipo":"remota","Fecha":"2015-04-14T00:00:00"},{"Clave":"CVE-2017-0004","Vendedor":"microsoft","Descripcion":"El servicio LSASS permite causar una denegación de servicio","Tipo":"local","Fecha":"2011-01-10T00:00:00"}]},{"Ip":"192.168.0.12","Tipo":"equipoactivo","Puertos":2,"Saltos":12,"So":"ios","Vulnerabilidades":[{"Clave":"CVE-2017-3847","Vendedor":"cisco","Descripcion":"Cisco Firepower Management Center XSS","Tipo":"remota","Fecha":"2017-02-21T00:00:00"}]},{"Ip":"192.168.0.20","Tipo":"computadora","Puertos":8,"Saltos":5,"So":"windows","Vulnerabilidades":[{"Clave":"CVE-2009-2504","Vendedor":"microsoft","Descripcion":"Múltiples desbordamientos de enteros en APIs Microsoft .NET 1.1","Tipo":"local","Fecha":"2009-11-13T00:00:00"},{"Clave":"CVE-2016-7271","Vendedor":"microsoft","Descripcion":"Elevación de privilegios Kernel Segura en Windows 10 Gold","Tipo":"local","Fecha":"2016-12-20T00:00:00"},{"Clave":"CVE-2017-2996","Vendedor":"adobe","Descripcion":"Adobe Flash Player 24.0.0.194 corrupción de memoria explotable","Tipo":"remota","Fecha":"2017-02-15T00:00:00"}]},{"Ip":"192.168.0.15","Tipo":"servidor","Puertos":10,"Saltos":22,"So":"linux","Vulnerabilidades":[]}]}